LON,LAT,NAME
28.17858,-25.73882,11th Street Taxi Rank
28.1766,-25.73795,81 Bazaar Street Taxi Rank
27.83239,-26.53722,Adams Road Taxi Rank
28.12514,-26.26666,Alberton City Mall Taxi Rank
28.10144,-26.10567,Alexandra Main Taxi Rank
28.10125,-26.10605,Alexandra Main Taxi Rank
28.10185,-26.10537,Alexandra Main Taxi Rank
28.10165,-26.10479,Alexandra Taxi Rank
28.10151,-26.10594,Alexandra Taxi Rank
28.102,-26.10576,Alexandra Taxi Rank
28.51206,-26.43641,Alra Park Taxi Rank
28.19932,-26.02136,Andrew Mapheto Drive Taxi Rank
28.19006,-25.74244,Andries Street Taxi Rank
28.19014,-25.74197,Andries Street Taxi Rank
28.1901,-25.74185,Andries Street Taxi Rank
28.28036,-26.15972,Atlasville Taxi Rank
27.94085,-26.25974,Bara Taxi Rank
27.94038,-26.25961,Bara Taxi Rank
27.94234,-26.25973,Bara Taxi Rank
27.94201,-26.25923,Baragwanath Taxi Rank
27.94325,-26.25931,Baragwanath Taxi Rank
27.94208,-26.2599,Baragwanath Taxi Rank
27.93711,-26.25906,Baragwanath Taxi Rank
27.94081,-26.259,Baragwanath Taxi Rank
27.70334,-26.28271,Bekkersdal Taxi Rank
28.18045,-25.73836,Belle Ombre Taxi Rank
28.04884,-26.10024,Benmore Shopping Centre Taxi Rank
28.04962,-26.10097,"Benmore Taxi Rank, Grayston Drive"
28.31324,-26.19837,Benoni Station Taxi Rank
28.3117,-26.19925,Benoni Station Taxi Rank
28.31146,-26.1994,Benoni Station Taxi Rank
28.31272,-26.19864,Benoni Station Taxi Rank
28.31066,-26.19764,Benoni Station Taxi Rank
28.31069,-26.19982,Benoni Station Taxi Rank
28.31095,-26.19967,Benoni Station Taxi Rank
28.31046,-26.19996,Benoni Station Taxi Rank
28.30979,-26.2004,Benoni Station Taxi Rank
28.23474,-26.06752,Birchleigh Station Taxi Rank
28.23483,-26.06753,Birchleigh Station Taxi Rank
28.19112,-25.74036,Bloed Street Mall Taxi Rank
28.18913,-25.74055,Bloed Street Mall Taxi Rank
28.38804,-26.38014,Bluegum View Taxi Rank
27.82767,-26.5628,Boitumelo Taxi Rank
28.25244,-26.22401,Boksburg Taxi Rank
28.25209,-26.2239,Boksburg Taxi Rank
28.25182,-26.22389,Boksburg Taxi Rank
28.19616,-25.7388,Boom Street Taxi Rank`
27.79717,-26.69133,Bophelong Taxi Rank
27.79727,-26.69131,Bophelong Taxi Rank
27.79729,-26.69285,Bophelong Taxi Rank
27.79586,-26.69118,Bophelong Taxi Rank
27.79602,-26.69155,"Bophelong Taxi Rank, Corner Dube Street and 12th Street"
27.79592,-26.69138,"Bophelong Taxi Rank, Dube Street"
28.18473,-25.75557,Bosmanstraat Station Taxi Rank
28.18324,-25.75561,Bosmanstraat Station Taxi Rank
28.18566,-25.7555,Bosmanstraat Station Taxi Rank
28.18473,-25.75557,Bosmanstraat Station Taxi Rank
28.18478,-25.75557,Bosmanstraat Station Taxi Rank
28.12847,-25.99577,Boulders Shopping Centre Taxi Rank
28.10292,-26.3124,Brackenhurst Taxi Rank
28.36204,-26.24067,Brakpan Station Taxi Rank
28.36167,-26.23995,Brakpan Station Taxi Rank
28.36185,-26.24029,Brakpan Station Taxi Rank
28.36125,-26.23913,Brakpan Station Taxi Rank
28.36215,-26.24088,Brakpan Station Taxi Rank
28.36178,-26.24015,Brakpan Station Taxi Rank
28.36187,-26.24034,Brakpan Station Taxi Rank
28.36073,-26.23833,Brakpan Station Taxi Rank
28.36206,-26.2407,Brakpan Station Taxi Rank
28.03662,-26.20034,Bree Taxi Rank
28.0359,-26.20047,Bree Taxi Rank
28.03612,-26.20151,Bree Taxi Rank
28.03757,-26.20134,Bree Taxi Rank
28.03725,-26.20139,Bree Taxi Rank
28.03751,-26.20131,Bree Taxi Rank
28.03633,-26.20149,Bree Taxi Rank
28.0375,-26.20121,Bree Taxi Rank
28.0374,-26.20136,Bree Taxi Rank
28.03644,-26.20148,Bree Taxi Rank
28.03645,-26.20084,Bree Taxi Rank
28.03657,-26.20035,Bree Taxi Rank
28.03655,-26.20146,Bree Taxi Rank
28.03594,-26.20041,Bree Taxi Rank
28.03652,-26.20146,Bree Taxi Rank
28.03753,-26.20144,Bree Taxi Rank
27.78302,-25.63586,Brits Taxi Rank
28.19561,-26.28998,Buhle Park Taxi Rank
28.04259,-26.20003,CBD A Taxi Rank
27.86523,-26.33295,"Capella Street Ext 9, Lenasia Taxi Rank"
27.86528,-26.33297,"Capella Street Ext 9, Lenasia Taxi Rank"
27.86528,-26.33297,"Capella Street Ext 9, Lenasia Taxi Rank"
27.39709,-26.35229,Carletonville Main Taxi Rank
27.39706,-26.35219,Carletonville Main Taxi Rank
27.39737,-26.35305,Carletonville Main Taxi Rank
28.08604,-25.49815,Central City Taxi Rank
28.08665,-25.4981,Central City Taxi Rank
27.79635,-26.15731,Chamdor Taxi Rank
28.18149,-26.34492,Chris Hani Mall Taxi Rank
28.18361,-26.34522,Chris Hani Mall Taxi Rank
28.18191,-26.34545,Chris Hani Mall Taxi Rank
27.94022,-26.25928,Chris Hani Road Taxi Rank
27.94015,-26.25907,Chris Hani Road Taxi Rank
27.93987,-26.25905,Chris Hani Road Taxi Rank
27.94013,-26.25907,Chris Hani Road Taxi Rank
28.74726,-25.80485,Church Street Taxi Rank
28.18353,-25.75113,Corner Nana Sita Street and Sophie de Bruyn Taxi Rank
28.19297,-25.7463,Corner Pretorius Street and Helen Joseph Street Taxi Rank
28.31714,-25.79797,Corner Solomon Mahlangu Drive and Aterbury Road Taxi Rank
28.31731,-25.79825,Corner Solomon Mahlangu Drive and Atterbury Road Taxi Rank
27.97363,-26.18784,Coronation Taxi Rank
27.93833,-26.01725,Cosmo City Taxi Rank
27.93743,-26.01687,Cosmo City Taxi Rank
27.93385,-26.01982,Cosmo Taxi Rank
27.93804,-26.01731,Cosmo Taxi Rank
27.93748,-26.0177,Cosmocity Taxi Rank
27.93754,-26.01754,Cosmocity Taxi Rank
27.83422,-26.06181,Cradlestone Mall Taxi Rank
28.04167,-26.14292,Cradock Taxi Rank
28.04141,-26.14241,Cradock Taxi Rank
28.04167,-26.14237,Cradock Taxi Rank
28.04158,-26.14249,Cradock Taxi Rank (Rosebank)
27.97302,-26.13214,Cresta Mall Taxi Rank
27.97156,-26.12982,Cresta Mall Taxi Rank
27.97096,-26.12969,Cresta Mall Taxi Rank
28.53084,-25.67162,Cullinan Fourways Taxi Rank
28.52056,-25.67312,Cullinan Taxi Rank
27.93636,-26.30148,Dark City Taxi Rank
28.71655,-25.6864,Dark City Taxi Rank
28.71628,-25.68643,"Dark City Taxi Rank, Ekangala G"
28.41716,-26.15312,Daveyton Taxi Rank
28.41697,-26.15175,Daveyton Taxi Rank
28.41659,-26.15314,Daveyton Taxi Rank
28.41665,-26.15284,Daveyton Taxi Rank
28.41718,-26.15261,Daveyton Taxi Rank
28.24794,-26.31545,Dawn Park Taxi Rank
28.34342,-25.72008,Denneboom Taxi Rank
28.33662,-25.71715,Denneboom Taxi Rank
28.33912,-25.718,Denneboom Taxi Rank
28.33897,-25.71781,Denneboom Taxi Rank
28.33645,-25.7172,Denneboom Taxi Rank
27.94068,-26.24883,Diepkloof Taxi Rank
27.94002,-26.24982,Diepkloof Taxi Rank
28.01863,-25.9424,Diepsloot Mall Taxi Rank
28.02004,-25.94251,Diepsloot Mall Taxi Rank
28.02294,-25.92247,Diepsloot Taxi Rank
28.0156,-25.93165,Diepsloot Taxi Rank
28.00386,-25.93645,"Diepsloot Taxi Rank Extension 7, Nomavuka Drive"
28.00382,-25.93682,"Diepsloot Taxi Rank Extension 7, Nomavuka Drive"
27.80392,-26.22978,Dobsonville Gardens Taxi Rank
27.87023,-26.21319,Dobsonville Taxi Rank
27.87104,-26.21493,Dobsonville Taxi Rank
27.87063,-26.21311,Dobsonville Taxi Rank
27.87066,-26.21327,Dobsonville Taxi Rank
28.04911,-26.20163,Doornfontain Taxi Rank
28.05266,-26.19742,Doornfontein Station Taxi Rank
28.05117,-26.19749,Doornfontein Taxi Rank
27.84413,-26.47241,Drieziek D Taxi Rank
27.84394,-26.47206,Drieziek Taxi Rank
27.84466,-26.47237,Drieziek Taxi Rank
27.84434,-26.47205,Drieziek Taxi Rank
27.84413,-26.47246,Drieziek Taxi Rank
27.84436,-26.47203,Drieziek Taxi Rank
27.84384,-26.47229,Driezik Taxi Rank Corner Golden Highway and Street 07 Street
27.84341,-26.47223,"Driezik Taxi Rank, Corner Golden Highway and Street 07 Street"
27.89312,-26.23251,Dube Station Taxi Rank
28.38847,-26.38009,Duduza Ext 15 Taxi Rank
28.3892,-26.31053,Duduza Taxi Rank
28.3898,-26.31199,Duduza Taxi Rank
28.38873,-26.38054,Duduza Taxi Rank
28.38972,-26.31212,Duduza Taxi Rank
28.38974,-26.31209,Duduza Taxi Rank
28.38872,-26.38053,Duduza Taxi Rank
28.38973,-26.3121,Duduza Taxi Rank
28.38978,-26.31081,Duduza Taxi Rank
28.19039,-26.22552,Dukathole Taxi Rank
28.43591,-26.34985,Dunnottar Taxi Rank
28.28346,-26.20874,Dunswart Station Taxi Rank
28.28583,-26.20824,Dunswart Station Taxi Rank
28.28739,-26.20943,Dunswart Station Taxi Rank
28.28616,-26.20833,Dunswart Station Taxi Rank
28.2865,-26.20827,Dunswart Station Taxi Rank
28.28342,-26.20918,Dunswart Taxi Rank
28.28395,-26.2089,Dunswart Taxi Rank
28.11893,-26.18215,East Gate Taxi Rank
28.26997,-25.7113,East Lynne A Taxi Rank
28.24178,-26.18364,East Rand Mall Taxi Rank
28.11909,-26.17977,Eastgate Mall Taxi Rank
28.11867,-26.18215,Eastgate Taxi Rank
28.17913,-26.00374,Ebony Park Taxi Rank
28.156,-26.14352,"Edenvale Mall, Taxi Rank"
28.1495,-26.13656,Edenvale Taxi Rank
28.14972,-26.13697,Edenvale Taxi Rank
28.71712,-25.6847,Ekandustria Road Taxi Rank
28.20584,-26.16751,Elandfontein Taxi Rank
28.20429,-26.16619,Elandsfontain Metrorail Station Taxi Rank
28.20604,-26.16746,Elandsfontein Station Taxi Rank
28.20522,-26.16845,Elandsfontein Station Taxi Rank
28.20463,-26.16636,Elandsfontein Taxi Rank
28.03357,-25.78639,Elandsfontein Taxi Rank
28.20452,-26.1663,Elandsfontein Taxi Rank
28.03451,-25.78659,Elandsfontein Taxi Rank
27.90579,-26.29339,Eldorado Park Taxi Rank
27.89192,-26.2791,Eldorado Taxi Rank
27.96319,-25.62352,Elite Trade Centre Taxi Rank
27.96314,-25.62349,Elite Trade Centre Taxi Rank
28.05816,-26.19958,Ellis Park Taxi Rank
27.67924,-26.40605,"Elsburg, South Deep Taxi Rank"
29.20882,-25.87627,Emalahleni Taxi Rank
27.81833,-26.24683,Emdeni Taxi Rank
27.81832,-26.24875,"Emdeni Taxi Rank, Yshangisa Street"
28.09204,-25.81142,Erasmia Taxi Rank
28.09239,-25.81135,Erasmia Taxi Rank
28.04427,-25.55835,Erasmus Taxi Rank
28.04444,-25.55874,Erasmus Taxi Rank
28.23657,-26.02509,Esselen Park Taxi Rank
28.47868,-26.11923,Etwatwa East Taxi Rank
27.85881,-26.50453,Evaton Ext 9 Taxi Rank
27.86174,-26.50432,Evaton Ext 9 Taxi Rank
27.8582,-26.50473,Evaton Ext 9 Taxi Rank
27.8583,-26.50485,Evaton Ext 9 Taxi Rank
27.85827,-26.50478,Evaton Ext 9 Taxi Rank
27.82638,-26.52936,Evaton Mall Taxi Rank
27.82661,-26.53366,Evaton Mall Taxi Rank
27.81862,-26.52443,Evaton Taxi Rank
27.86643,-26.45474,Ext 2 Taxi Rank
27.85947,-26.50411,Ext 9 (Orange Farm) Taxi Rank
28.02015,-25.92293,Extension 2 Diepsloot Taxi Rank
27.86967,-26.47245,Eyethu Mall Taxi Rank
27.86961,-26.47265,Eyethu Mall Taxi Rank
27.86975,-26.47167,Eyethu Mall Taxi Rank
27.8696,-26.47259,Eyethu Mall Taxi Rank
27.86928,-26.46971,Eyethu Mall Taxi Rank
27.86933,-26.47014,Eyethu Mall Taxi Rank
27.86973,-26.47259,Eyethu Mall Taxi Rank
28.04553,-26.2126,Faraday Taxi Rank
28.04644,-26.21229,Faraday Taxi Rank
28.04647,-26.21224,Faraday Taxi Rank
27.87036,-26.42644,Finetown B Taxi Rank
27.86249,-26.41645,"Finetown C Taxi Rank, Corner 5th Avenue and Beatrice Street"
27.85177,-26.41127,Finetown Taxi Rank
27.91092,-26.17287,Florida Taxi Rank
27.91105,-26.17253,Florida Taxi Rank
27.49487,-26.4944,Fochville Taxi Rank
27.49487,-26.49443,Fochville Taxi Rank
28.09988,-25.89002,Forest Hill City Mall Taxi Rank
28.00951,-26.01832,Fourways Crossin Taxi Rank
28.00982,-26.01594,Fourways Crossing Taxi Rank
28.00412,-26.01683,Fourways Taxi Rank
28.00412,-26.01685,Fourways Taxi Rank
28.00409,-26.01707,Fourways Taxi Rank
28.01219,-25.62049,Ga-Rankuwa Hospital (Main Gate) Taxi Rank
28.00676,-25.61891,Ga-Rankuwa Taxi Rank
28.00698,-25.61953,Garankuwa Taxi Rank
28.16672,-26.21061,Germiston Station Taxi Rank
28.17027,-26.21155,Germiston Taxi Rank
28.16904,-26.21203,Germiston Taxi Rank
28.16904,-26.21203,Germiston Taxi Rank
28.17022,-26.21151,Germiston Taxi Rank
28.16865,-26.21145,Germiston Taxi Rank
28.16862,-26.2122,Germiston Taxi Rank
28.16928,-26.21203,Germiston Taxi Rank
28.17024,-26.21173,Germiston Taxi Rank
28.16904,-26.21203,Germiston Taxi Rank
28.16762,-26.21123,Germiston Taxi Rank
28.16872,-26.21229,Germiston Taxi Rank
28.16865,-26.21145,Germiston Taxi Rank
28.16911,-26.21269,Germiston Taxi Rank
28.16902,-26.21199,GermistonTaxi Rank
28.05045,-26.26856,Glen Mall Taxi Rank
28.01053,-26.23752,Gold Reef City Taxi Rank
28.21875,-26.34215,Goldspot Taxi Rank Vosloorus
27.86349,-26.42573,Grasmere Station Taxi Rank
27.92404,-26.16385,Green Taxi Rank
28.13268,-26.39718,Greenfields Taxi Rank
28.14241,-26.11979,Greenstone Shopping Centre Taxi Rank
28.28127,-25.40723,Hammanskraal Station Taxi Rank
28.28061,-25.40914,Hammanskraal Station Taxi Rank
28.2825,-25.40629,Hammanskraal Taxi Rank
28.2825,-25.40604,Hammanskraal Taxi Rank
28.05102,-26.19685,Hancock Street Taxi Rank (Hillbrow)
28.35995,-26.50257,Heidelberg Taxi Rank
27.95712,-26.20498,Highgate B Taxi Rank
28.04857,-26.18716,Hillbrow Taxi Rank
27.9284,-26.07839,Honeydew Spar Taxi Rank
27.90475,-26.05359,Honeydew Taxi Rank
27.90496,-26.05301,Honeydew Taxi Rank
27.90721,-26.05348,Honeydew Taxi Rank
27.90722,-26.05276,Honeydew Taxi Rank
27.84583,-26.60918,Houtkop Taxi Rank
27.84586,-26.60999,Houtkop Taxi Rank
27.87505,-26.23072,Ikhwezi Taxi Rank
27.87649,-26.23005,Ikwezi Station Taxi Rank
28.04938,-26.12949,Illovo Taxi Rank
27.96634,-26.01221,Inanda Taxi Rank
28.25201,-25.86477,Irene Mall Taxi Rank
28.20562,-25.98143,Ivory Park Ext 13 Taxi Rank
28.18233,-26.00757,Ivory Park Taxi Rank
28.18225,-26.00763,Ivory Park Taxi Rank
28.18147,-26.00685,Ivory Park Taxi Rank
28.1825,-26.00717,Ivory Park Taxi Rank
28.18248,-26.00701,Ivory Park Taxi Rank
28.18256,-26.00708,Ivory Park Taxi Rank
27.88154,-26.24455,Jabavu Taxi Rank
27.85341,-26.24918,Jabulani Mall Taxi Rank
27.86068,-26.2482,Jabulani Taxi Rank
28.00738,-26.09497,Jan Smut Avenue Taxi Rank
28.06275,-26.20315,Jeppe Station Taxi Rank
28.04499,-26.20115,Jeppe Street Taxi Rank
27.92458,-26.10462,John Vorster Road Taxi Rank
28.03382,-26.19309,Jorissen Street Taxi Rank
28.26946,-25.40609,Jubille Mall Taxi Rank
27.79136,-26.17526,Kagiso Ext 12 Taxi Rank
27.78313,-26.15859,Kagiso Taxi Rank
27.82583,-26.23449,Kaimane Street Taxi Rank
28.08953,-25.7615,Kalafong Taxi Rank
28.08966,-25.76147,Kalafong Taxi Rank
28.08899,-25.76162,Kalafong Taxi Rank
28.14234,-26.32776,Kathlelong Centre Taxi Rank
28.147,-26.32648,Katlehong Hospital Taxi Rank
28.14594,-26.32611,Katlehong Peoples Taxi Association Taxi Rank
28.22933,-26.11022,Kempton Park Taxi Rank
28.22768,-26.10687,Kempton Park Taxi Rank
28.22863,-26.108,Kempton Park Taxi Rank
28.22729,-26.10603,Kempton Park Taxi Rank
28.22732,-26.10611,Kempton Park Taxi Rank
28.22968,-26.11093,Kempton Park Taxi Rank
28.22902,-26.10954,Kempton Park Taxi Rank
28.22893,-26.10913,Kempton Park Taxi Rank
28.22934,-26.11024,Kempton Park Taxi Rank
28.22729,-26.10601,Kempton Park Train Station Taxi Rank
27.78024,-26.09067,Key West Shopping Centre Taxi Rank
27.78261,-26.08856,Key West Shopping Centre Taxi Rank
28.04553,-26.19597,King George St Taxi Rank
28.39799,-26.18698,Kingsway Taxi Rank
27.89068,-26.27615,Kliptown B Taxi Rank
27.89108,-26.27734,Kliptown Taxi Rank
27.89175,-26.27907,Kliptown Taxi Rank
27.89085,-26.27617,Kliptown Taxi Rank
27.8905,-26.27715,Kliptown Taxi Rank
27.57243,-26.44655,Kloof Mine Taxi Rank
27.46961,-26.4944,Kokosi Taxi Rank
27.46897,-26.49473,Kokosi Taxi Rank
27.77098,-26.10846,Krugersdorp Station Taxi Rank
27.77049,-26.09682,Krugersdorp Taxi Rank
28.72222,-25.40027,Kwamhlanga Taxi Rank
28.39136,-26.31036,Kwathema Taxi Rank
28.32095,-26.18459,Lakeside Mall Taxi Rank
28.31817,-26.18373,Lakeside Mall Taxi Rank
28.31897,-26.18525,Lakeside Mall Taxi Rank
28.31841,-26.18409,Lakeside Mall Taxi Rank
28.31869,-26.18388,Lakeside Taxi Rank
28.32077,-26.18449,Lakeside Taxi Rank
28.31833,-26.18374,Lakeside Taxi Rank
27.88911,-25.89921,Lanseria Taxi Rank
27.88978,-25.89911,Lanseria Taxi Rank
27.81257,-26.38179,"Lawley Taxi Rank Office, Corner 2nd Avenue and Lawley Road"
27.89476,-26.3446,Lehae Taxi Rank
27.86507,-26.33284,Lenasia Ext 9 Taxi Rank
27.86221,-26.39491,Lenasia South Taxi Rank
27.82492,-26.31976,Lenasia Taxi Rank
27.82404,-26.31916,Lenasia Taxi Rank
27.82495,-26.32007,Lenasia Taxi Rank
27.82375,-26.31931,Lenasia Taxi Rank
27.82505,-26.31922,Lenasia Taxi Rank
27.82473,-26.31975,Lenasia Taxi Rank
27.82505,-26.3192,Lenasia Taxi Rank
27.82452,-26.31925,Lenasia Taxi Rank
27.82467,-26.319,Lenasia Taxi Rank
27.82483,-26.32005,Lenasia Taxi Rank
27.8248,-26.3196,Lenasia Taxi Rank
27.82492,-26.31971,Lenasia Taxi Rank
27.82506,-26.31917,Lensasia Taxi Rank
27.82506,-26.31917,Lensasia Taxi Rank
27.8083,-26.17194,Leratong Hospital Taxi Rank
27.80764,-26.17124,Leratong Hospital Taxi Rank
27.80817,-26.1712,Leratong Taxi Rank
27.60931,-26.34799,Libanon Gold Mine Taxi Rank
28.03489,-26.20201,Lilian Ngoyi Street Taxi Rank
27.92565,-25.99637,Lion Park Taxi Rank
27.92549,-25.99584,Lions Park Taxi Rank
27.92584,-25.99614,Lions Park Taxi Rank
28.0411,-26.20484,Loveday Taxi Rank
28.04138,-26.20555,Loveday Taxi Rank
28.04118,-26.20559,Loveday Taxi Rank
28.04117,-26.20391,"Loveday Taxi Rank, Corner Loveday Street and Pritchard Street"
28.04133,-26.20537,"Loveday Taxi Rank, Loveday Street"
27.76905,-26.10576,Luipaard Stop Taxi Rank
28.34371,-25.77812,Lynnwood Road Taxi Rank
28.3435,-25.77813,"Lynnwood Taxi Rank, Corner Solomon Mahlangu Drive and Lynnwood Drive"
28.04497,-26.19901,MTN Taxi Rank
28.04871,-26.20008,"MTN Taxi Rank, Corner Troye Street and Lilian Ngoyi Street"
28.08828,-25.49428,Mabopane Station B Taxi Rank
28.08775,-25.49545,Mabopane Station Main Taxi Rank
28.08879,-25.49458,Mabopane Station Taxi Rank
28.08834,-25.49477,Mabopane Station Taxi Rank
28.08906,-25.49267,Mabopane Station Taxi Rank
27.95956,-25.44338,Madidi Taxi Rank
27.54794,-26.00219,Magaliesburg Taxi Rank
27.83182,-26.24517,Maholwane Street Taxi Rank
28.41355,-25.70943,Mahube Valley Taxi Rank
28.04871,-26.20613,Main and Delvers Street Taxi Rank
28.39166,-26.3099,Majola Street Taxi Rank
28.12017,-25.23706,Makapanstad Taxi Rank
27.81055,-26.23153,Makhado Taxi Rank
27.93972,-26.01655,Malibongwe Drive Taxi Rank
28.04169,-26.14247,Mall of Rosebank Taxi Rank
28.05732,-26.31734,Mall of The South Taxi Rank
28.33461,-25.71545,Mamelodi Crossing Shopping Centre Taxi Rank
28.3348,-25.71509,Mamelodi Crossing Shopping Centre Taxi Rank
28.4009,-25.72391,Mamelodi Taxi Rank/ Mamelody Campus
28.4009,-25.72389,Mamelodi Taxi Rank/University of Pretoria - Mamelodi Campus
27.85537,-26.28369,Mangalani Shopping Centre Taxi Rank
27.89882,-26.26109,Maponya Mall Taxi Rank
27.90193,-26.25959,Maponya Mall Taxi Rank
28.17732,-25.73999,"Marabastad Taxi Rank, Corner 8th Street and Boom Street"
28.18115,-25.7389,"Marabastad, Belle Ombre Taxi Rank"
28.17529,-25.74054,Marabastard Taxi Rank
28.20799,-25.3625,Mashemong Taxi Rank
27.87275,-26.22213,Matlala Taxi Rank (Dobsonville)
27.8738,-26.22214,Matlala Taxi Rank (Dobsonville)
27.82414,-26.24873,Matshaya Street Taxi Rank
28.1747,-26.03331,Mayibuye Taxi Rank
28.17535,-26.03313,Mayibuye Taxi Rank
27.75178,-26.06719,Mayibuye Taxi Rank
28.04895,-26.1887,Mcdonald's Hillbrow Taxi Rank
27.9015,-26.2199,Meadow Point Shopping Centre Taxi Rank
28.27628,-25.78093,Menlyn Park Taxi Rank
27.84824,-26.26379,Merafe Taxi Rank
27.84776,-26.26296,Merafe Taxi Rank
27.84803,-26.26333,Merafe Taxi Rank
27.84796,-26.26319,Merafe Taxi Rank
28.01136,-26.55592,Meyerton Station Taxi Rank
28.12837,-25.99808,Midrand Taxi Rank
28.12762,-25.99771,Midrand Taxi Rank
28.12866,-25.99823,Midrand Taxi Rank
28.12799,-25.99774,Midrand Taxi Rank
28.12808,-25.99793,Midrand Taxi Rank
28.12922,-25.99753,Mildrand Taxi Rank
27.93162,-26.22769,Mlamlankunzi Taxi Rank (Oralndo East)
27.93223,-26.22743,"Mlamlankunzi Taxi Rank, Corner Mooki Street and Soweto Highway"
27.81833,-26.24694,Mndeni Taxi Rank
27.81832,-26.24737,Mndeni Taxi Rank
27.90892,-26.21722,Modise Taxi Rank
28.17388,-25.74078,Mogul St Taxi Rank
28.17388,-25.74107,Mogul Street Taxi Rank
27.76912,-26.10547,Molepha Street Taxi Rank
28.62054,-25.46307,Moloto Shopping Centre Taxi Rank
28.09255,-25.84832,Mooiplaas Informal Settlement Taxi Rank
28.36157,-25.73462,Moreri Street Taxi Rank
27.7838,-26.68665,Movhango Taxi Rank
27.87063,-26.24535,Mputhi Street Taxi Rank
27.75502,-26.07988,Munsieville Taxi Rank
27.78391,-26.68668,Mvhango Taxi Rank
27.8321,-26.2616,Naledi Ext Taxi Rank
27.87581,-26.50424,Nandos Lakeside Taxi Rank
27.8755,-26.50423,Nandos Taxi Rank
27.87552,-26.50429,"Nandos Taxi Rank, Lakeside"
28.14724,-26.32614,Natal Spruit Taxi Rank
28.14488,-26.32687,Natal Spruit Taxi Rank
28.14709,-26.32606,Natal Spruit Taxi Rank
28.14705,-26.32601,Natal Spruit Taxi Rank
28.14563,-26.3261,Natal Spruit Taxi Rank
28.14554,-26.32649,Natal Spruit Taxi Rank
28.1454,-26.3263,Natal Spruit Taxi Rank
28.14722,-26.32593,Natal Spruit Taxi Rank
28.14594,-26.32654,Natal Spruit Taxi Rank
28.14709,-26.32601,Natal Spruit Taxi Rank
28.14499,-26.32679,Natalspruit Hospital Taxi Rank
28.14246,-26.32773,"Natalspruit Hospital, Kathlehong Centre Taxi rank"
28.14791,-26.32445,Natalspruit Taxi Rank
27.89901,-26.22254,Ndofaya Mall Taxi Rank
28.36053,-25.73959,Nellmapius Taxi Rank
27.94199,-26.21587,New Canada Taxi Rank
28.12126,-26.2616,New Red Ruth Taxi Rank
28.47078,-26.41476,Nigel Taxi Rank
28.716,-25.687,Nkangala Taxi Rank
28.71612,-25.68678,Nkangala Taxi Rank/Ekandustria
28.02075,-25.92293,No 2 Diepsloot Taxi Rank
28.04785,-26.19979,Noord Taxi Rank
28.04673,-26.19859,Noord Taxi Rank
28.04779,-26.19937,Noord Taxi Rank
28.04782,-26.19962,Noord Taxi Rank
28.04662,-26.19794,Noord Taxi Rank
28.04781,-26.19952,Noord Taxi Rank
28.0467,-26.19844,Noord Taxi Rank
28.04773,-26.19931,Noord Taxi Rank
28.04857,-26.19907,Noord Taxi Rank
28.04859,-26.19921,Noord Taxi Rank
28.04768,-26.19871,Noord Taxi Rank
28.04781,-26.19953,Noord Taxi Rank
28.04853,-26.19934,Noord Taxi Rank
28.04862,-26.19939,Noord Taxi Rank
28.04842,-26.19796,Noord Taxi Rank(Station)
27.93267,-26.22717,Noordgesig Taxi Rank
28.12374,-25.95107,Noordwyk Taxi Rank
27.94533,-26.06097,North Gate Mall Taxi Rank
27.94566,-26.05954,North Gate Shopping Centre Taxi Rank
27.94409,-26.05849,North Gate Taxi Rank
28.05286,-26.20437,Nugget Street Taxi Rank
28.24793,-26.00445,Oakmoor East Taxi Rank
28.24917,-26.00647,Oakmoor East Taxi Rank
28.24696,-26.00508,Oakmoor Taxi Rank
28.24805,-26.00425,Oakmoor Taxi Rank
28.24773,-26.00507,Oakmoor Taxi Rank
28.24786,-26.00374,Oakmoor Taxi Rank
28.24885,-26.00686,Oakmore Taxi Rank
28.24784,-26.00417,Oakmore Taxi Rank
28.25014,-26.0065,Oakmore Taxi Rank
27.3915,-26.34422,Oberholzer Taxi Rank
27.39186,-26.3454,Oberholzer Taxi Rank
28.09455,-25.91506,Olievenhoutbos Taxi Rank
28.09719,-25.91259,"Olievenhoutbos Taxi Rank, Bohlale Street"
28.09903,-25.92302,Olievenhoutbosch Plaza Taxi Rank
28.12269,-25.95008,Olifantsfontein Road Taxi Rank
28.23283,-25.95005,Olifantsfontein Taxi Rank
28.23314,-25.94921,Olifantsfontein Taxi Rank
28.23316,-25.94907,Olifantsfontein Taxi Rank
28.09813,-25.92559,Olivenhoutbosch Taxi Rank
28.09813,-25.92556,Olivenhoutbosch Taxi Rank
27.86587,-26.45443,Orange Farm Ext 2 Taxi Rank
27.86551,-26.45428,Orange Farm Ext 2 Taxi Rank
27.86582,-26.45443,Orange Farm Ext 2 Taxi Rank
27.86591,-26.45445,Orange Farm Ext 2 Taxi Rank
27.86594,-26.45448,Orange Farm Ext 2 Taxi Rank
27.86645,-26.45465,"Orange Farm Ext 2 Taxi Rank, Link Road"
27.85935,-26.50415,"Orange Farm, Lakeside Ext 9 Taxi Rank"
27.92976,-26.24283,Orlando East Taxi Rank
27.93524,-26.24338,Orlando East Taxi Rank
27.92992,-26.24292,Orlando East Taxi Rank
27.91855,-26.24007,Orlando Taxi Rank
28.12317,-26.27382,Padstow Taxi Rank
28.14381,-26.38912,Palm Ridge Taxi Rank
27.84658,-26.49706,Palm Springs Mall Taxi Rank
28.08848,-26.1104,Pan Africa Shopping Centre Taxi Rank
28.08683,-26.10923,Pan Africa Taxi Rank
28.08747,-26.11033,Pan Africa Taxi Rank
28.08658,-26.11019,Pan Africa Taxi Rank
28.08798,-26.11037,Pan Africa Taxi Rank
28.08775,-26.11035,Pan African Shopping Centre Taxi Rank
28.08675,-26.11003,Pan African Shopping Centre Taxi Rank
28.08747,-26.11023,Pan African Taxi Rank
28.08852,-26.10938,Pan African Taxi Rank
28.08857,-26.10891,Pan African Taxi Rank
28.08682,-26.10926,Pan African Taxi Rank
28.08679,-26.10956,Pan African Taxi Rank
28.08848,-26.11027,Pan African Taxi Rank
28.08855,-26.10924,Pan African Taxi Rank
28.0879,-26.10875,Pan African Taxi Rank
28.08846,-26.11055,Pan African Taxi Rank
28.08683,-26.10918,Pan African Taxi Rank
28.08624,-26.11024,Pan African Taxi Rank
28.08675,-26.11002,Pan African Taxi Rank
28.0879,-26.11036,Pan African Taxi Rank
28.08852,-26.10977,Pan African Taxi Rank
28.08859,-26.10895,Pan African Taxi Rank
28.08857,-26.10917,Pan African Taxi Rank
28.08691,-26.10829,Pan Taxi Rank
28.08846,-26.10868,Pan Taxi Rank
28.0513,-26.19832,"Park Central Taxi Rank, Corner De Villiers Street and Banket Street"
28.04943,-26.19847,"Park Central Taxi Rank, Corner Quartz Street and De Villiers Street"
28.04456,-26.19819,Park Station Taxi Rank
27.90171,-26.23691,Phefeni Station South Taxi Rank
28.18138,-26.03908,Phomolong Taxi Rank
28.0428,-25.78535,Phomolong Taxi Rank
28.04388,-25.78541,Phomolong Taxi Rank
28.04391,-25.78498,Phomolong Taxi Rank
28.04395,-25.78507,Phomolong Taxi Rank
28.1805,-26.03873,Phomolong Taxi Rank
28.04403,-25.78535,Phomolong Taxi Rank
28.04378,-25.78545,Phomolong Taxi Rank
28.04418,-25.78528,Phomolong Taxi Rank
28.04447,-25.78516,Phomolong Taxi Rank
28.1805,-26.03873,"Phomolong Taxi Rank, Corner S M Songo Avenue and E T Mdakalaan Street"
28.19867,-26.31492,Phumula Taxi Rank
28.04959,-26.2006,Polly Street Taxi Rank
28.37743,-26.3411,Polosong Hospital Taxi Rank
28.18739,-26.30702,Pomola Taxi Rank Leondale
27.76787,-26.45676,Poortjie Taxi Rank
28.19008,-25.75669,Pretoria Station Taxi Rank
28.1898,-25.75673,Pretoria Station Taxi Rank
28.18896,-25.75676,Pretoria Station Taxi Rank
28.18878,-25.75681,Pretoria Station Taxi Rank
28.19027,-25.75667,"Pretoria Station Taxi Rank, Corner Scheiding Street and Railway Street"
28.18823,-25.75679,Pretoria Station Taxi Rank. Scheiding Street
28.04719,-26.20254,Pritchard Street Taxi Rank
27.77034,-26.28481,Protea Glen Ext 28 Taxi Rank
27.81051,-26.27094,Protea Glen Mall Taxi Rank
27.8118,-26.27041,Protea Glen Mall Taxi Rank
27.81387,-26.27758,Protea Glen Mall Taxi Rank
27.80996,-26.27105,Protea Glen Mall Taxi Rank
27.81136,-26.26999,Protea Glen Mall Taxi Rank
27.81009,-26.27103,Protea Glen Mall Taxi Rank
27.80431,-26.27293,Protea Glen Taxi Rank
27.83625,-26.27501,Protea North Taxi Rank
28.53116,-25.67102,R515 Road Taxi Rank
28.19141,-25.75732,Railway St Taxi Rank
28.20775,-26.23028,Ramaphosa Taxi Rank
28.20812,-26.23033,Ramaphosa Taxi Rank
28.00758,-26.09523,Randburg Taxi Rank
28.00785,-26.09536,Randburg Taxi Rank
28.00809,-26.09542,Randburg Taxi Rank
28.00773,-26.09544,Randburg Taxi Rank
28.00773,-26.09544,Randburg Taxi Rank
28.00724,-26.09478,Randburg Taxi Rank
28.00732,-26.09492,Randburg Taxi Rank
28.00706,-26.095,Randburg Taxi Rank
28.00785,-26.09509,Randburg Taxi Rank
28.00669,-26.09572,Randburg Taxi Rank
28.00698,-26.09531,Randburg Taxi Rank
28.00768,-26.09516,Randburg Taxi Rank
28.00732,-26.09489,"Randburg Taxi Rank, Jan Smuts Avenue"
27.69805,-26.18207,Randfontein Station Taxi Rank
27.69904,-26.18182,Randfontein Station Taxi Rank
27.69923,-26.18065,Randfontein Station Taxi Rank
27.69916,-26.18183,Randfontein Station Taxi Rank
27.69935,-26.18046,Randfontein Station Taxi Rank
27.69899,-26.18195,Randfontein Station Taxi Rank
27.69909,-26.18135,Randfontein Taxi Rank
27.69908,-26.18109,Randfontein Taxi Rank
27.69941,-26.18186,Randfontein Taxi Rank
27.6993,-26.18185,Randfontein Taxi Rank
27.69902,-26.18141,Randfontein Taxi Rank
27.87062,-26.15803,Rank 5 (Roodepoort) Taxi Rank
28.52924,-25.74575,Rayton Taxi Rank
28.52919,-25.74525,Rayton Taxi Rank
28.29909,-26.21166,Reading Road Taxi Rank
28.29899,-26.21172,Reading Road Taxi Rank
27.74991,-26.18962,Reitvallei Taxi Rank
27.8835,-26.53551,Residensia Taxi Rank
27.88349,-26.53547,Residensia Taxi Rank
27.86597,-26.50986,Residensia Taxi Rank
27.88415,-26.53546,Residensia Taxi Rank
27.88383,-26.53549,Residensia Taxi Rank
27.8833,-26.53552,Residensia Taxi Rank
27.88434,-26.53546,Residensia Taxi Rank
27.88359,-26.53523,Residensia Taxi Rank
27.88395,-26.53548,"Residensia Taxi Rank, Corner Sebe and Union Road"
28.7054,-25.71271,Retabiseng Taxi Rank
28.70471,-25.71316,Rethabiseng Taxi Rank
28.70509,-25.71319,Rethabiseng Taxi Rank
28.22654,-26.22993,Rieger Park Taxi Rank
28.22654,-26.22993,Rieger Park Taxi Rank
27.97821,-26.21329,Riverlea Taxi Rank
27.97803,-26.21328,Riverlea Taxi Rank
27.92363,-26.19327,Roberville Taxi Rank
28.21421,-26.31225,Rondebult Taxi Rank
27.86976,-26.15919,Roodepoort Station Taxi Rank
27.87048,-26.15796,Roodepoort Taxi Rank
27.86974,-26.16083,Roodepoort Taxi Rank
27.87068,-26.15805,Roodepoort Taxi Rank
27.86966,-26.16069,Roodepoort Taxi Rank
28.04351,-26.20084,Rosebank Taxi Rank
28.04145,-26.1424,Rosebank Taxi Rank
28.04153,-26.14254,Rosebank Taxi Rank
28.21988,-26.35176,Sam Sekoati Avenue Taxi Rank
28.05817,-26.10778,Sandton Square Taxi Rank
28.05752,-26.1081,Sandton Taxi Rank
28.20096,-26.02039,Sangweni Taxi Rank
28.20097,-26.02038,Sangweni Taxi Rank
28.20154,-26.02157,Sangweni Taxi Rank
28.20182,-26.02093,Sangweni Taxi Rank
28.20184,-26.02181,Sangweni Taxi Rank
28.07243,-26.10414,Santon Taxi Rank
28.03474,-25.78666,"Saulsville, Mabunda Supermarket Taxi Rank"
28.17648,-26.12414,Sebenza Taxi Rank
28.17191,-26.12474,Sebenza Taxi Rank
27.84456,-26.60204,Sebokeng Plaza Taxi Rank
27.85707,-26.53284,"Sekhosana Taxi Rank, Corner Stirling Road and Adams Road"
27.85705,-26.53281,"Sekhosana Taxi Rank, Evaton"
27.86668,-26.69714,Sharpville Vuka Taxi Rank
27.86837,-26.16404,Shoprite Taxi Rank Roodepoort
28.74579,-25.80343,Short Street Taxi Rank
28.35685,-25.76691,Silver Oak Taxi Rank
28.3574,-25.76665,Silver Oak's Taxi Rank
28.35671,-25.76728,Silver Oak's Taxi Rank
28.35919,-25.76787,Silver Oak's Taxi Rank
28.35711,-25.76652,Silver Oaks Taxi Rank
28.35758,-25.76681,Silveroaks Crossing Taxi Rank
28.30262,-25.73312,Silverton Shopping Centre Taxi Rank
28.3024,-25.73321,Silverton Shopping Centre Taxi Rank
27.69423,-26.31584,Simunye Taxi Rank
28.19478,-25.7399,Sisulu Street Taxi Rank
27.77596,-26.21669,Slovoville Taxi Rank
27.82118,-26.21976,Snake Park Taxi Rank (Thulani)
28.36844,-25.75168,Solomon Mahlangu Taxi Rank
28.1028,-25.58077,Soshanguve Block XX Taxi Rank
28.10273,-25.58016,Soshanguve Block XX Taxi Rank
28.09294,-25.49306,Soshanguve Taxi Rank
28.0927,-25.49415,Soshanguve Taxi Rank
28.09327,-25.49446,Soshanguve Taxi Rank
27.67865,-26.40669,"South Deep Taxi Rank,Elsburg"
28.18655,-25.86059,South Street Taxi Rank
27.98021,-26.26535,Southgate Mall Taxi Rank
27.98187,-26.26444,Southgate Mall Taxi Rank
28.52027,-25.67361,"Spar Cullinan, Taxi Rank"
27.70288,-26.18316,Spar Randfontein Taxi Rank
28.43825,-26.25462,Springs A Taxi Rank
28.43837,-26.25355,Springs A Taxi Rank
28.43892,-26.25041,Springs B Taxi Rank
28.43824,-26.24865,Springs Main Taxi Rank
28.43902,-26.24988,Springs Station Taxi Rank
28.43846,-26.24815,Springs Station Taxi Rank
28.43889,-26.25056,Springs Taxi Rank
28.43837,-26.25427,Springs Taxi Rank A
28.14196,-26.32732,"Sprite Taxi Rank, Corner Hospital Street and Kumalo Street"
28.18444,-26.32644,Spruiteview Taxi Rank
28.18445,-26.32576,Spruitview Taxi Rank
28.18509,-26.32657,Spruitview Taxi Rank
28.185,-26.3266,"Spruitview Taxi Rank, Corner Leondale Street and MOagi Road"
28.1847,-26.32557,SpruitviewTaxi Rank
28.10171,-25.90618,Stone Hill Stop Taxi Rank
28.10099,-25.90666,Stone Hill Taxi Rank
27.90125,-26.12125,Struben Valley Taxi Rank
28.02805,-25.78923,Supermarket Taxi Rank
28.02888,-25.7892,Supermarket Taxi Rank
27.76714,-26.19474,Swanneville Taxi Rank
28.20707,-25.99941,Swazi Inn Taxi Rank
28.20709,-25.99937,Swazi Inn Taxi Rank
28.20135,-26.01991,Tembisa Sangweni Taxi Rank
27.91666,-25.71173,Ten Rooms Taxi Rank
28.14751,-25.79131,Thaba Tshwane Taxi Rank
28.04297,-26.14758,The Mall of Rosebank Taxi Rank
28.357,-25.76686,The Silveroaks Crossing/ Taxi Rank
28.24802,-26.00426,Thembisa Taxi Rank
28.14231,-26.32757,"Thokaza Taxi Rank, Corner Hospital Street and Kumalo Street"
28.12336,-26.27411,Thokoza Taxi Rank
27.97154,-26.66015,Three Rivers Taxi Rank
27.89799,-26.42113,Thulamntana Taxi Rank
27.86446,-26.27828,Trek Taxi Rank
27.86478,-26.2782,Trek Taxi Rank
27.86445,-26.2781,Trek Taxi Rank
28.38755,-26.37985,Tsakane Extension 15 Taxi Rank
28.37189,-26.35556,Tsakane Mall Taxi Rank
28.38846,-26.3803,Tsakane Taxi Rank
27.79248,-26.195,Tshepisong 2nd Taxi Rank
27.84236,-26.27306,Tshithuthune Street Taxi Rank (Mapetla)
28.16478,-26.41835,Tsietsi Phase 5 Taxi Rank
28.16554,-26.41359,Tsietsi Phase 5 Taxi Rank
28.16554,-26.41361,Tsietsi Taxi Rank
28.16555,-26.41365,Tsietsi Taxi Rank
27.82127,-26.71243,Vaal Mall Taxi Rank
28.19321,-25.74775,Van Der Walt Street Taxi Rank
27.83876,-26.69676,Vanderbijilpark Taxi Rank
27.83747,-26.69656,Vanderbijilpark Taxi Rank
27.83832,-26.69642,Vanderbijilpark Taxi Rank
27.83875,-26.69652,Vanderbijilpark Taxi Rank
27.83876,-26.69669,Vanderbijilpark Taxi Rank
27.83877,-26.6968,Vanderbijilpark Taxi Rank
27.83744,-26.69589,Vanderbijilpark Taxi Rank
27.83877,-26.6968,Vanderbijllpark Taxi Rank
27.83739,-26.69494,Vanderbijlpark Taxi Rank
27.83808,-26.69562,Vanderbillpark Taxi Rank
27.83824,-26.69642,Vanderbillpark Taxi Rank
27.83879,-26.69725,Vandrbijilpark Taxi Rank
27.98318,-26.33197,Vereeniging Road Taxi Rank
27.98409,-26.33221,Vereeniging Road Taxi rank
27.93304,-26.67981,Vereeniging Station Taxi Rank
27.93401,-26.67382,Vereeniging Taxi Rank
27.93407,-26.67355,Vereeniging Taxi Rank
27.93414,-26.67327,Vereeniging Taxi Rank
27.93427,-26.67267,Vereeniging Taxi Rank
27.93431,-26.67251,Vereeniging Taxi Rank
28.19259,-25.74477,Vermeulen Street Taxi Rank
28.39945,-25.72343,Vista Taxi Rank/Mamelodi Campus
28.40092,-25.7234,Vista Taxi Rank/Manelodi Campus
28.40101,-25.72307,Vista University Taxi Rank
28.40078,-25.72358,Vista University Taxi Rank
27.8127,-26.17596,Vlakfontein B Taxi Rank
28.32215,-26.19196,Voortrekker Street Taxi Rank
28.10433,-26.0007,Vornavalley Taxi Rank
28.21851,-26.3419,Vosloorus Taxi Rank
28.21871,-26.34184,Vosloorus Taxi Rank
28.21872,-26.34301,Vosloorus Taxi Rank
28.21794,-26.34195,Vosloorus Taxi Rank
28.21812,-26.3419,Vosloorus Taxi Rank
28.21815,-26.34199,Vosloorus Taxi Rank
28.21874,-26.34226,Vosloorus Taxi Rank
28.21876,-26.34216,Vosloorus Taxi Rank
28.21885,-26.34218,Vosloorus Taxi Rank
28.21875,-26.34182,Vosloorus Taxi Rank
28.21891,-26.34287,Vosloorus Taxi Rank
28.21896,-26.34176,Vosloorus Taxi Rank
28.21876,-26.34298,Vosloorus Taxi Rank
28.21878,-26.34219,Vosloorus Taxi Rank
28.21802,-26.34193,Vosloorus Taxi Rank
28.21851,-26.3419,Vosloorus Taxi Rank
28.21892,-26.34226,Vosloorus Taxi Rank
28.21874,-26.34226,Vosloorus Taxi Rank
28.21783,-26.34198,Vosloorus Taxi Rank
28.21876,-26.34192,Vosloorus Taxi Rank
28.17188,-26.27479,Wadeville Ext 1 Taxi Rank
28.17172,-26.27473,"Wadeville, Ext 1 Taxi Rank"
27.9571,-26.4189,Walkerville Taxi Rank
28.04473,-26.19748,Wanderers Taxi Rank
28.0447,-26.19717,Wanderers Taxi Rank
28.04508,-26.19976,Wanderers Taxi Rank
28.04507,-26.19975,Wanderers Taxi Rank
27.81494,-26.29936,Waterworks Taxi Rank
27.28451,-26.37729,Welverdiend Station Taxi Rank
28.09132,-25.73639,Westfort Taxi Rank
27.8661,-26.13931,Westgate Shopping Centre Taxi Rank
27.8622,-26.13934,Westgate Shopping Centre Taxi Rank
28.03511,-26.21004,Westgate Taxi Rank
28.03499,-26.20958,Westgate Taxi Rank
27.85862,-26.13608,Westgate Taxi Rank
28.03487,-26.20964,Westgate Taxi Rank
28.03502,-26.21021,Westgate Taxi Rank
27.86284,-26.13761,Westgate Taxi Rank
28.03512,-26.20965,Westgate Taxi Rank
28.03469,-26.21085,Westgate Taxi Rank
27.85879,-26.13704,Westgate Taxi Rank
28.03506,-26.20965,Westgate Taxi Rank
28.03488,-26.21093,Westgate Taxi Rank
28.03512,-26.20965,Westgate Taxi Rank
28.0353,-26.20984,"Westgate Taxi Rank, Ntemi Piliso Street"
27.65361,-26.31843,Westonaria A Taxi Rank
28.14224,-25.85659,Wierdapark Taxi Rank
28.34391,-25.71844,Wiloss Taxi Rank
28.34448,-25.71838,Wiloss Taxi Rank
28.34427,-25.71838,"Wiloss Taxi Rank, Corner Tsamaya Avenue and Dr Ribeiro Drive"
28.25242,-26.29401,Wind Mill Park Taxi Rank
28.22265,-25.98073,Winnie Mandela Taxi Rank
28.22294,-25.98099,Winnie Mandela Taxi Rank
28.01116,-26.0115,"Witkoppen Clinic, Taxi Rank"
28.19143,-25.65293,Wonderboom Airport Taxi Rank
28.18311,-25.68109,Wonderboom Station Taxi Rank
28.18298,-25.67959,Wonderboom Station Taxi Rank
28.18308,-25.68133,Wonderboom Taxi Rank
28.19143,-25.65293,"WonderboomTaxi Rank, Corner Lavender Road and Linvelt Road"
28.09019,-26.05601,Woodmead Shopping Centre Taxi Rank
28.09058,-26.05742,Woodmead Square Taxi Rank
28.08311,-26.10969,Wynberg Taxi Rank
28.04441,-26.19727,Zimbabwe Taxi Rank
27.82999,-26.24445,Zola Clinic Taxi Rank
27.83991,-26.24235,Zola Taxi Rank
27.86166,-26.23624,Zondi Taxi Rank
28.39097,-26.30931,kwaThema Taxi Rank
,,